[{
  "_id": {
    "$oid": "6422a82836015b71e1229226"
  },
  "name": "Sport for kids",
  "url_code": "sport",
  "info": "Sport learning videos for kids from first grade to forth grades",
  "img_url": "https://images.pexels.com/photos/9648765/pexels-photo-9648765.jpeg?auto=compress&cs=tinysrgb&w=600",
  "__v": 0
},{
  "_id": {
    "$oid": "6422a83136015b71e1229228"
  },
  "name": "ABC learning",
  "url_code": "abc",
  "info": "English learning videos for kids from first grade to forth grades",
  "img_url": "https://images.pexels.com/photos/1337386/pexels-photo-1337386.jpeg?auto=compress&cs=tinysrgb&w=600",
  "__v": 0
},{
  "_id": {
    "$oid": "6422a84036015b71e122922a"
  },
  "name": "Math for kids",
  "url_code": "math",
  "info": "Math learning movies for kids from first grade to forth grades",
  "img_url": "https://images.pexels.com/photos/1329295/pexels-photo-1329295.jpeg?auto=compress&cs=tinysrgb&w=600",
  "__v": 0
},{
  "_id": {
    "$oid": "6422a8dd36015b71e122922c"
  },
  "name": "Cooking for kids",
  "url_code": "cooking",
  "info": "Cooking learning movies for kids from first grade to forth grades",
  "img_url": "https://images.pexels.com/photos/4487869/pexels-photo-4487869.jpeg?auto=compress&cs=tinysrgb&w=600",
  "__v": 0
},{
  "_id": {
    "$oid": "6422a9e436015b71e1229231"
  },
  "name": "Drawing for kids",
  "url_code": "drawing",
  "info": "Drawing learning movies for kids from first grade to forth grades",
  "img_url": "https://images.pexels.com/photos/3992150/pexels-photo-3992150.jpeg?auto=compress&cs=tinysrgb&w=600",
  "__v": 0
},{
  "_id": {
    "$oid": "64254255d888038a0269480d"
  },
  "name": "Misc movies 222",
  "url_code": "misc",
  "info": "Misc movies for kids...",
  "img_url": "https://images.pexels.com/photos/257385/pexels-photo-257385.jpeg?auto=compress&cs=tinysrgb&w=600",
  "__v": 0
}]